Gestioni collegate complete;Att. IVA;Regime IVA;Sez.;Protocollo;Data registrazione;Numero;Data doc.;Data ricezione;Fornitore;Tipo doc.;Totale documento;IVA;Ritenuta;Valuta;Causale;Allegati
Si;1;Normale;1;380;30-04-2026;254;30-04-2026;30-04-2026;CITTERIO EDITORE SRL;Fattura;1.006,50;181,50;0,00;EUR;1;Si
Si;1;Normale;1;379;30-04-2026;00392/26;30-04-2026;30-04-2026;EDITRICE MILANESE S.R.L.;Fattura;1.830,00;330,00;0,00;EUR;1;Si
Si;1;Normale;1;378;30-04-2026;364;30-04-2026;30-04-2026;Q-PRINT S.R.L.;Fattura differita art.21, c.4 lett. a);1.387,38;250,18;0,00;EUR;202;Si
Si;1;Normale;1;377;30-04-2026;FAD-2026-1534;28-04-2026;30-04-2026;ITES COM S.R.L.;Fattura differita art.21, c.4 lett. a);102,48;18,48;0,00;EUR;1;No
Si;1;Normale;1;376;30-04-2026;1/443;28-04-2026;30-04-2026;AC AGENZIA SERVIZI S.R.L.;Fattura;2.336,30;421,30;0,00;EUR;1;Si
Si;1;Normale;1;375;29-04-2026;112;29-04-2026;29-04-2026;INFINITY SRL;Fattura;1.939,80;349,80;0,00;EUR;1;No
Si;1;Normale;1;374;29-04-2026;12/NC;27-04-2026;29-04-2026;OPS VISION TECH S.R.L.;Nota di credito;24,40;4,40;0,00;EUR;3;No
Si;1;Normale;1;373;28-04-2026;IT61EYM6ABEI;28-04-2026;28-04-2026;AMAZON BUSINESS EU S.A.R.L, SEDE SECONDARIA;Fattura;6,71;1,21;0,00;EUR;1;No
Si;1;Normale;1;372;28-04-2026;309;28-04-2026;28-04-2026;VARESE WEB SRL;Fattura;1.220,00;220,00;0,00;EUR;1;Si
Si;1;Normale;1;371;28-04-2026;ML-1332;28-04-2026;28-04-2026;DOT IMPRESA S.R.L.;Fattura;60,00;0,00;0,00;EUR;1;No
Si;1;Normale;1;370;27-04-2026;316/MK;27-04-2026;27-04-2026;DUNION SRL;Fattura;3.660,00;660,00;0,00;EUR;1;Si
No;1;Normale;1;369;27-04-2026;112;22-04-2026;27-04-2026;VITECH S.R.L.S.;Fattura;1.159,00;209,00;0,00;EUR;202;No
Si;1;Normale;1;368;24-04-2026;FA-2026-00005;23-04-2026;24-04-2026;KYIP CAPITAL SGR S.P.A.;Fattura;385,69;0,00;0,00;EUR;1;No
Si;1;Normale;1;367;23-04-2026;2026/FE02384/1853;23-04-2026;23-04-2026;SCARFONE COSIMO;Fattura;40,00;7,21;0,00;EUR;1;No
Si;1;Normale;1;366;23-04-2026;73;23-04-2026;23-04-2026;IL GAZZETTINO DI SESTO SAN GIOVANNI SRL;Fattura;366,00;66,00;0,00;EUR;1;No
Si;1;Normale;1;365;23-04-2026;FAD-2026-1097;21-04-2026;23-04-2026;ITES COM S.R.L.;Fattura differita art.21, c.4 lett. a);1.458,10;262,94;0,00;EUR;1;No
Si;1;Normale;1;364;22-04-2026;26000236;22-04-2026;22-04-2026;CE PIACE SRL;Fattura;26,50;2,41;0,00;EUR;1;No
Si;1;Normale;1;363;22-04-2026;IT61CPUNABEI;22-04-2026;22-04-2026;AMAZON BUSINESS EU S.A.R.L, SEDE SECONDARIA;Fattura;7,60;1,37;0,00;EUR;1;No
Si;1;Normale;1;362;21-04-2026;V012603125903;20-04-2026;21-04-2026;SORGENIA S.P.A;Fattura;179,11;32,75;0,00;EUR;1;Si
Si;1;Normale;1;361;20-04-2026;4952200000013813;20-04-2026;20-04-2026;IP SERVICES SRL;Fattura;25,00;4,51;0,00;EUR;1;No
Si;1;Normale;1;360;20-04-2026;2026/02/0170439;17-04-2026;20-04-2026;UNICREDIT LEASING SPA;Nota di credito;9,98;1,80;0,00;EUR;3;No
Si;1;Normale;1;359;20-04-2026;2026/02/0170438;17-04-2026;20-04-2026;UNICREDIT LEASING SPA;Nota di credito;58,10;2,77;0,00;EUR;3;No
Si;1;Normale;1;358;20-04-2026;2026/02/0170116;17-04-2026;20-04-2026;UNICREDIT LEASING SPA;Nota di credito;14,52;2,62;0,00;EUR;3;No
Si;1;Normale;1;357;20-04-2026;2026/02/0170115;17-04-2026;20-04-2026;UNICREDIT LEASING SPA;Nota di credito;92,23;4,39;0,00;EUR;3;No
Si;1;Normale;1;356;20-04-2026;2026/02/0169744;17-04-2026;20-04-2026;UNICREDIT LEASING SPA;Nota di credito;15,77;2,84;0,00;EUR;3;No
Si;1;Normale;1;355;20-04-2026;2026/02/0169737;17-04-2026;20-04-2026;UNICREDIT LEASING SPA;Nota di credito;94,08;4,48;0,00;EUR;3;No
Si;1;Normale;1;354;20-04-2026;2026/02/0152745;17-04-2026;20-04-2026;UNICREDIT LEASING SPA;Fattura;426,83;76,97;0,00;EUR;1;No
Si;1;Normale;1;353;20-04-2026;2026/02/0152744;17-04-2026;20-04-2026;UNICREDIT LEASING SPA;Fattura;2.689,76;344,85;0,00;EUR;1;No
Si;1;Normale;1;352;20-04-2026;2026/02/0152102;17-04-2026;20-04-2026;UNICREDIT LEASING SPA;Fattura;419,94;75,73;0,00;EUR;1;No
Si;1;Normale;1;351;20-04-2026;2026/02/0152101;17-04-2026;20-04-2026;UNICREDIT LEASING SPA;Fattura;2.898,95;381,23;0,00;EUR;1;No
Si;1;Normale;1;350;20-04-2026;2026/02/0151450;17-04-2026;20-04-2026;UNICREDIT LEASING SPA;Fattura;461,64;83,25;0,00;EUR;1;No
Si;1;Normale;1;349;20-04-2026;2026/02/0151441;17-04-2026;20-04-2026;UNICREDIT LEASING SPA;Fattura;2.913,20;383,10;0,00;EUR;1;No
Si;1;Normale;1;348;19-04-2026;8Z00207380;13-04-2026;19-04-2026;TIM  S.P.A.;Fattura;145,18;26,18;0,00;EUR;1;No
Si;1;Normale;1;347;17-04-2026;25/2026;17-04-2026;17-04-2026;ASSOCIAZIONE KAIROS APS;Fattura;502,00;0,00;0,00;EUR;1;Si
Si;1;Normale;1;346;17-04-2026;746;16-04-2026;17-04-2026;RISTORANTE PIZZERIA SAN PIETRO SRLS;Fattura;40,00;3,64;0,00;EUR;1;No
Si;1;Normale;1;345;17-04-2026;1000-534;16-04-2026;17-04-2026;IL MANNARINO SRL;Fattura;142,00;12,91;0,00;EUR;1;No
Si;1;Normale;1;344;16-04-2026;FPR 1186/26;16-04-2026;16-04-2026;ODONTOOL SRL;Fattura;610,00;110,00;0,00;EUR;1;No
Si;1;Normale;1;343;16-04-2026;7/001;10-04-2026;16-04-2026;SPH S.R.L.;Fattura;6.100,00;1.100,00;0,00;EUR;1;No
Si;1;Normale;1;342;15-04-2026;27/001;08-04-2026;15-04-2026;DERCOS SRL;Fattura;2.214,12;399,27;0,00;EUR;1;No
Si;1;Normale;1;341;14-04-2026;438958;13-04-2026;14-04-2026;EDENRED ITALIA SRL;Fattura;192,95;7,42;0,00;EUR;1;No
Si;1;Normale;1;340;14-04-2026;438132;13-04-2026;14-04-2026;EDENRED ITALIA SRL;Fattura;29,46;5,31;0,00;EUR;1;No
Si;1;Normale;1;339;14-04-2026;G17255;13-04-2026;14-04-2026;EDENRED ITALIA SRL;Nota di debito;807,00;0,00;0,00;EUR;4;No
Si;1;Normale;1;338;14-04-2026;001140;09-04-2026;14-04-2026;CONFEZIONI CAPPELLO SRL;Fattura;1.288,88;232,42;0,00;EUR;1;No
Si;1;Normale;1;337;14-04-2026;001139;09-04-2026;14-04-2026;CONFEZIONI CAPPELLO SRL;Nota di credito;1.288,88;232,42;0,00;EUR;3;No
Si;1;Normale;1;336;13-04-2026;136;04-04-2026;13-04-2026;SO.G.EDI. SOCIETÀ GESTIONE EDITORIALE SRL;Fattura;341,60;61,60;0,00;EUR;1;Si
Si;1;Normale;1;335;13-04-2026;26/E;03-04-2026;13-04-2026;COLLEONI FABIO PIETRO;Parcella;1.830,00;330,00;300,00;EUR;1;Si
Si;1;Normale;1;334;13-04-2026;20260339739V1;03-04-2026;13-04-2026;VOLKSWAGEN LEASING GMBH;Fattura;951,62;171,60;0,00;EUR;1;No
Si;1;Normale;1;333;11-04-2026;4/E;11-04-2026;11-04-2026;GNV CAPITALS HOLDING SRL;Fattura;4.270,00;770,00;0,00;EUR;1;Si
Si;1;Normale;1;332;11-04-2026;3/E;11-04-2026;11-04-2026;GNV CAPITALS HOLDING SRL;Fattura;4.270,00;770,00;0,00;EUR;1;Si
Si;1;Normale;1;331;10-04-2026;V00075;10-04-2026;10-04-2026;MAGGI MARIA;Fattura;366,00;66,00;0,00;EUR;252;Si
Si;1;Normale;1;330;10-04-2026;2026/FE02384/1598;10-04-2026;10-04-2026;SCARFONE COSIMO;Fattura;40,00;7,21;0,00;EUR;1;No
Si;1;Normale;1;329;10-04-2026;002DH1150;09-04-2026;10-04-2026;MOVE HOTELS SRL;Fattura;159,10;14,18;0,00;EUR;1;No
Si;1;Normale;1;328;10-04-2026;002DH1149;09-04-2026;10-04-2026;MOVE HOTELS SRL;Fattura;223,10;20,00;0,00;EUR;1;No
Si;1;Normale;1;327;09-04-2026;132;08-04-2026;09-04-2026;ANDREINI VALENTINA;Parcella;140,61;21,57;19,61;EUR;1;No
Si;1;Normale;1;326;09-04-2026;2026/0000877/00;31-03-2026;09-04-2026;CRISTAL GROUP SRL;Fattura;288,00;0,00;0,00;EUR;349;Si
Si;1;Normale;1;325;08-04-2026;346;31-03-2026;08-04-2026;SAPIA PRATESI & PARTNERS S.R.L.;Fattura;1.349,32;243,32;0,00;EUR;1;No
Si;1;Normale;1;324;08-04-2026;AS00980080;08-04-2026;08-04-2026;FASTWEB SPA;Fattura;674,66;112,42;0,00;EUR;1;No
Si;1;Normale;1;323;07-04-2026;29/CR;07-04-2026;07-04-2026;DUNION SRL;Fattura;25,25;4,55;0,00;EUR;1;Si
Si;1;Normale;1;322;07-04-2026;IT6155TZABEI;07-04-2026;07-04-2026;AMAZON BUSINESS EU S.A.R.L, SEDE SECONDARIA;Fattura;65,49;11,81;0,00;EUR;1;No
Si;1;Normale;1;321;07-04-2026;IT615CHIABEI;07-04-2026;07-04-2026;AMAZON BUSINESS EU S.A.R.L, SEDE SECONDARIA;Fattura;339,60;61,24;0,00;EUR;1;No
Si;1;Normale;1;320;07-04-2026;6/001;03-04-2026;07-04-2026;SPH S.R.L.;Fattura;917,33;165,42;0,00;EUR;1;No
Si;1;Normale;1;319;07-04-2026;13/E;02-04-2026;07-04-2026;FORMENTI PAOLO JACOPO;Parcella;1.830,00;330,00;300,00;EUR;1;Si
Si;1;Normale;1;318;07-04-2026;IT61507VABEI;06-04-2026;06-04-2026;AMAZON BUSINESS EU S.A.R.L, SEDE SECONDARIA;Fattura;465,75;0,00;0,00;EUR;340;No
Si;1;Normale;1;317;04-04-2026;28-FE;04-04-2026;04-04-2026;L' ANGOLO FIORITO S.N.C. DI LANDONI CHIARA & PAOLO;Fattura;38,00;3,46;0,00;EUR;1;Si
Si;1;Normale;1;316;04-04-2026;143/GA;03-04-2026;04-04-2026;SETTIMOCIELO S.R.L.;Fattura;31,70;2,88;0,00;EUR;1;No
Si;1;Normale;1;315;03-04-2026;50;03-04-2026;03-04-2026;ASSOCIAZIONE AMICI DI ZONA NOVE;Fattura;671,00;121,00;0,00;EUR;1;No
Si;1;Normale;1;314;03-04-2026;1/310;31-03-2026;03-04-2026;AC AGENZIA SERVIZI S.R.L.;Fattura;2.824,30;509,30;0,00;EUR;1;Si
Si;1;Normale;1;313;02-04-2026;4060P0004579310;02-04-2026;02-04-2026;TESLA ITALY S.R.L.;Fattura;11,42;2,06;0,00;EUR;1;No
Si;1;Normale;1;312;02-04-2026;96/001;02-04-2026;02-04-2026;BENI IMMOBILI CONTEMPORANEI SPA;Fattura;5.525,59;996,42;0,00;EUR;1;No
Si;1;Normale;1;311;02-04-2026;FPR 14/26;02-04-2026;02-04-2026;VIGNOLA MICHELE;Parcella;3.080,00;0,00;0,00;EUR;252;No
Si;1;Normale;1;310;02-04-2026;10/2026;01-04-2026;02-04-2026;LICO SPA;Fattura;3.715,07;669,93;0,00;EUR;1;No
Si;1;Normale;1;309;02-04-2026;A-002151;31-03-2026;02-04-2026;PUBLI (IN) SRL SOC.UNIPERSONALE;Fattura;735,15;132,57;0,00;EUR;1;Si
Si;1;Normale;1;308;02-04-2026;000987;31-03-2026;02-04-2026;CONFEZIONI CAPPELLO SRL;Fattura differita art.21, c.4 lett. a);1.288,88;232,42;0,00;EUR;202;No
Si;1;Normale;1;307;02-04-2026;20260710292V4;30-03-2026;02-04-2026;VOLKSWAGEN LEASING GMBH;Fattura;12,20;2,20;0,00;EUR;1;No
Si;1;Normale;1;306;01-04-2026;8;01-04-2026;01-04-2026;W2 ADVISOR S.R.L.;Fattura;1.510,14;272,32;0,00;EUR;1;No
Si;1;Normale;1;305;01-04-2026;FPR 74/26;01-04-2026;01-04-2026;IL DICIOTTO SOC.COOP A.R.L.;Fattura;366,00;66,00;0,00;EUR;1;No
Si;1;Normale;1;304;31-03-2026;4060P0004570180;31-03-2026;31-03-2026;TESLA ITALY S.R.L.;Fattura;36,31;6,55;0,00;EUR;1;No
Si;1;Normale;1;303;31-03-2026;4060P0004569906;31-03-2026;31-03-2026;TESLA ITALY S.R.L.;Fattura;2,64;0,48;0,00;EUR;1;No
Si;1;Normale;1;302;31-03-2026;183;31-03-2026;31-03-2026;CITTERIO EDITORE SRL;Fattura;1.006,50;181,50;0,00;EUR;1;Si
Si;1;Normale;1;301;31-03-2026;00183/26;31-03-2026;31-03-2026;EDITRICE MILANESE S.R.L.;Fattura;610,00;110,00;0,00;EUR;1;Si
Si;1;Normale;1;300;31-03-2026;8/2026;30-03-2026;31-03-2026;SORO MARTA BEATRICE;Fattura;602,00;0,00;0,00;EUR;252;No
Si;1;Normale;1;299;31-03-2026;16;30-03-2026;31-03-2026;VACONDIO SRL;Fattura;3.294,00;594,00;0,00;EUR;202;Si
Si;1;Normale;1;298;30-03-2026;225;30-03-2026;30-03-2026;VARESE WEB SRL;Fattura;1.220,00;220,00;0,00;EUR;1;Si
Si;1;Normale;1;297;30-03-2026;46;26-03-2026;30-03-2026;IL GAZZETTINO DI SESTO SAN GIOVANNI SRL;Fattura;610,00;110,00;0,00;EUR;1;No
Si;1;Normale;1;296;29-03-2026;4060P0004563343;29-03-2026;29-03-2026;TESLA ITALY S.R.L.;Fattura;33,37;6,02;0,00;EUR;1;No
Si;1;Normale;1;295;28-03-2026;4060P0004555049;28-03-2026;28-03-2026;TESLA ITALY S.R.L.;Fattura;15,63;2,82;0,00;EUR;1;No
Si;1;Normale;1;294;28-03-2026;4060P0004554834;28-03-2026;28-03-2026;TESLA ITALY S.R.L.;Fattura;10,61;1,91;0,00;EUR;1;No
Si;1;Normale;1;293;27-03-2026;IT611CZGABEI;27-03-2026;27-03-2026;AMAZON BUSINESS EU S.A.R.L, SEDE SECONDARIA;Fattura;3,38;0,61;0,00;EUR;1;No
Si;1;Normale;1;292;26-03-2026;4060P0004545763;26-03-2026;26-03-2026;TESLA ITALY S.R.L.;Fattura;25,95;4,68;0,00;EUR;1;No
Si;1;Normale;1;291;26-03-2026;4060P0004545075;26-03-2026;26-03-2026;TESLA ITALY S.R.L.;Fattura;16,15;2,91;0,00;EUR;1;No
Si;1;Normale;1;290;26-03-2026;213/MK;26-03-2026;26-03-2026;DUNION SRL;Fattura;3.660,00;660,00;0,00;EUR;1;Si
Si;1;Normale;1;289;26-03-2026;576;25-03-2026;26-03-2026;RISTORANTE PIZZERIA SAN PIETRO SRLS;Fattura;60,00;5,45;0,00;EUR;1;No
Si;1;Normale;1;288;26-03-2026;FAD-2026-885;23-03-2026;26-03-2026;ITES COM S.R.L.;Fattura differita art.21, c.4 lett. a);276,94;49,94;0,00;EUR;202;No
Si;1;Normale;1;287;26-03-2026;FAD-2026-791;23-03-2026;26-03-2026;ITES COM S.R.L.;Fattura differita art.21, c.4 lett. a);45,85;8,27;0,00;EUR;202;No
Si;1;Normale;1;286;26-03-2026;2026/S/13238;17-03-2026;26-03-2026;GLOBAL SERVICE SAS;Fattura;7,81;1,41;0,00;EUR;1;No
Si;1;Normale;1;285;25-03-2026;2026/880047704;25-03-2026;25-03-2026;TRENORD S.R.L.;Fattura;4,00;0,36;0,00;EUR;1;No
Si;1;Normale;1;284;25-03-2026;200-484;24-03-2026;25-03-2026;IL MANNARINO SRL;Fattura;248,50;22,59;0,00;EUR;1;No
Si;1;Normale;1;283;24-03-2026;203I00555182;24-03-2026;24-03-2026;GEDI DIGITAL SRL;Fattura;2,00;0,08;0,00;EUR;1;No
Si;1;Normale;1;282;23-03-2026;6101003739;18-03-2026;23-03-2026;SUNSTAR ITALIANA S.R.L;Fattura;8.963,57;1.616,38;0,00;EUR;1;Si
Si;1;Normale;1;281;23-03-2026;22/E;11-03-2026;23-03-2026;COLLEONI FABIO PIETRO;Parcella;1.830,00;330,00;300,00;EUR;1;Si
Si;1;Normale;1;280;19-03-2026;2026/02/0106386;13-03-2026;17-03-2026;UNICREDIT LEASING SPA;Fattura;419,94;75,73;0,00;EUR;1;No
Si;1;Normale;1;279;19-03-2026;IT6XY83ABEI;19-03-2026;19-03-2026;AMAZON BUSINESS EU S.A.R.L, SEDE SECONDARIA;Fattura;8,93;1,61;0,00;EUR;1;No
Si;1;Normale;1;278;19-03-2026;IT6XZ33ABEI;19-03-2026;19-03-2026;AMAZON BUSINESS EU S.A.R.L, SEDE SECONDARIA;Fattura;18,91;3,41;0,00;EUR;1;No
Si;1;Normale;1;277;18-03-2026;2097;18-03-2026;18-03-2026;SUPERSERVICE SNC DEI F.LLI CANTARELLI;Fattura;39,29;7,09;0,00;EUR;1;No
Si;1;Normale;1;276;18-03-2026;2026/880043378;18-03-2026;18-03-2026;TRENORD S.R.L.;Fattura;4,40;0,40;0,00;EUR;1;No
Si;1;Normale;1;275;18-03-2026;2026/9000769710;18-03-2026;18-03-2026;TRENITALIA S.P.A.;Fattura;39,90;3,63;0,00;EUR;1;No
Si;1;Normale;1;274;18-03-2026;2026/9000769616;18-03-2026;18-03-2026;TRENITALIA S.P.A.;Fattura;53,90;4,90;0,00;EUR;1;No
Si;1;Normale;1;273;18-03-2026;1000-361;17-03-2026;18-03-2026;IL MANNARINO SRL;Fattura;114,03;10,37;0,00;EUR;1;No
Si;1;Normale;1;272;18-03-2026;V012602216271;17-03-2026;18-03-2026;SORGENIA S.P.A;Fattura;152,64;27,98;0,00;EUR;1;Si
Si;1;Normale;1;271;17-03-2026;FPR 784/26;17-03-2026;17-03-2026;ODONTOOL SRL;Fattura;610,00;110,00;0,00;EUR;1;No
Si;1;Normale;1;270;17-03-2026;2026/02/0119223;13-03-2026;17-03-2026;UNICREDIT LEASING SPA;Nota di credito;10,64;1,92;0,00;EUR;3;No
Si;1;Normale;1;269;17-03-2026;2026/02/0119222;13-03-2026;17-03-2026;UNICREDIT LEASING SPA;Nota di credito;61,89;2,95;0,00;EUR;3;No
Si;1;Normale;1;268;17-03-2026;2026/02/0118901;13-03-2026;17-03-2026;UNICREDIT LEASING SPA;Nota di credito;15,31;2,76;0,00;EUR;3;No
Si;1;Normale;1;267;17-03-2026;2026/02/0118900;13-03-2026;17-03-2026;UNICREDIT LEASING SPA;Nota di credito;97,21;4,63;0,00;EUR;3;No
Si;1;Normale;1;266;17-03-2026;2026/02/0118528;13-03-2026;17-03-2026;UNICREDIT LEASING SPA;Nota di credito;16,68;3,01;0,00;EUR;3;No
Si;1;Normale;1;265;17-03-2026;2026/02/0118521;13-03-2026;17-03-2026;UNICREDIT LEASING SPA;Nota di credito;99,35;4,73;0,00;EUR;3;No
Si;1;Normale;1;264;17-03-2026;2026/02/0107027;13-03-2026;17-03-2026;UNICREDIT LEASING SPA;Fattura;426,83;76,97;0,00;EUR;1;No
Si;1;Normale;1;263;17-03-2026;2026/02/0107026;13-03-2026;17-03-2026;UNICREDIT LEASING SPA;Fattura;2.689,76;344,85;0,00;EUR;1;No
Si;1;Normale;1;261;17-03-2026;2026/02/0106385;13-03-2026;17-03-2026;UNICREDIT LEASING SPA;Fattura;2.898,95;381,23;0,00;EUR;1;No
Si;1;Normale;1;260;17-03-2026;2026/02/0105730;13-03-2026;17-03-2026;UNICREDIT LEASING SPA;Fattura;461,64;83,25;0,00;EUR;1;No
Si;1;Normale;1;259;17-03-2026;2026/02/0105721;13-03-2026;17-03-2026;UNICREDIT LEASING SPA;Fattura;2.913,20;383,10;0,00;EUR;1;No
Si;1;Normale;1;258;17-03-2026;77;12-03-2026;17-03-2026;SO.G.EDI. SOCIETÀ GESTIONE EDITORIALE SRL;Fattura;341,60;61,60;0,00;EUR;1;Si
Si;1;Normale;1;257;16-03-2026;248;11-03-2026;16-03-2026;QUATER SNC DI VACCARO E. & C.;Fattura;57,00;5,18;0,00;EUR;1;No
Si;1;Normale;1;256;15-03-2026;8Z00152492;11-03-2026;15-03-2026;TIM  S.P.A.;Fattura;145,18;26,18;0,00;EUR;1;No
Si;1;Normale;1;255;13-03-2026;2026/880040279;13-03-2026;13-03-2026;TRENORD S.R.L.;Fattura;4,40;0,40;0,00;EUR;1;No
Si;1;Normale;1;254;13-03-2026;482;12-03-2026;13-03-2026;RISTORANTE PIZZERIA SAN PIETRO SRLS;Fattura;49,00;4,45;0,00;EUR;1;No
Si;1;Normale;1;253;12-03-2026;NC/1/2026;12-03-2026;12-03-2026;SORO MARTA BEATRICE;Nota di credito;602,00;0,00;0,00;EUR;3;No
Si;1;Normale;1;252;12-03-2026;2026/880039876;12-03-2026;12-03-2026;TRENORD S.R.L.;Fattura;4,40;0,40;0,00;EUR;1;No
Si;1;Normale;1;251;12-03-2026;3800665;11-03-2026;12-03-2026;RIALTO S.P.A.;Fattura;335,50;60,50;0,00;EUR;1;Si
Si;1;Normale;1;250;12-03-2026;3800664;11-03-2026;12-03-2026;RIALTO S.P.A.;Fattura;274,50;49,50;0,00;EUR;1;Si
Si;1;Normale;1;249;12-03-2026;3800663;11-03-2026;12-03-2026;RIALTO S.P.A.;Nota di credito;274,50;49,50;0,00;EUR;3;Si
Si;1;Normale;1;248;12-03-2026;3800662;11-03-2026;12-03-2026;RIALTO S.P.A.;Nota di credito;335,50;60,50;0,00;EUR;3;Si
Si;1;Normale;1;247;12-03-2026;ML-724;11-03-2026;12-03-2026;DOT IMPRESA S.R.L.;Nota di credito;60,00;0,00;0,00;EUR;3;No
Si;1;Normale;1;246;12-03-2026;341307;11-03-2026;12-03-2026;EDENRED ITALIA SRL;Fattura;192,95;7,42;0,00;EUR;1;No
Si;1;Normale;1;245;12-03-2026;341026;11-03-2026;12-03-2026;EDENRED ITALIA SRL;Fattura;21,23;3,83;0,00;EUR;1;No
Si;1;Normale;1;244;12-03-2026;G11998;11-03-2026;12-03-2026;EDENRED ITALIA SRL;Nota di debito;582,00;0,00;0,00;EUR;4;No
Si;1;Normale;1;243;11-03-2026;2026-FE01844-598;11-03-2026;11-03-2026;ENIMOOV SPA;Fattura;88,99;16,05;0,00;EUR;1;No
Si;1;Normale;1;242;11-03-2026;59;06-03-2026;11-03-2026;SO.G.EDI. SOCIETÀ GESTIONE EDITORIALE SRL;Fattura;610,00;110,00;0,00;EUR;1;Si
Si;1;Normale;1;241;11-03-2026;20260245544V1;06-03-2026;11-03-2026;VOLKSWAGEN LEASING GMBH;Fattura;951,62;171,60;0,00;EUR;1;No
Si;1;Normale;1;240;11-03-2026;6/2026;28-02-2026;11-03-2026;SORO MARTA BEATRICE;Fattura;602,00;0,00;0,00;EUR;1;No
Si;1;Normale;1;239;11-03-2026;5/2026;28-02-2026;11-03-2026;SORO MARTA BEATRICE;Fattura;602,00;0,00;0,00;EUR;1;No
Si;1;Normale;1;238;10-03-2026;127/ 1;10-03-2026;10-03-2026;C2COMPLIANCE SRL;Fattura;2.928,00;528,00;0,00;EUR;1;Si
Si;1;Normale;1;237;10-03-2026;126/ 1;10-03-2026;10-03-2026;C2COMPLIANCE SRL;Nota di credito;2.928,00;528,00;0,00;EUR;3;Si
Si;1;Normale;1;236;10-03-2026;2026/880037894;10-03-2026;10-03-2026;TRENORD S.R.L.;Fattura;4,00;0,36;0,00;EUR;1;No
Si;1;Normale;1;235;10-03-2026;2026/880037893;10-03-2026;10-03-2026;TRENORD S.R.L.;Nota di credito;4,00;0,36;0,00;EUR;3;No
Si;1;Normale;1;234;10-03-2026;5/001;10-03-2026;10-03-2026;SPH S.R.L.;Fattura;6.100,00;1.100,00;0,00;EUR;1;No
Si;1;Normale;1;233;10-03-2026;227;09-03-2026;10-03-2026;LIN SRL;Fattura;74,25;6,75;0,00;EUR;1;No
Si;1;Normale;1;232;10-03-2026;21/001;09-03-2026;10-03-2026;DERCOS SRL;Fattura;2.097,34;378,21;0,00;EUR;1;No
Si;1;Normale;1;231;10-03-2026;4/001;09-03-2026;10-03-2026;SPH S.R.L.;Fattura;1.067,33;192,47;0,00;EUR;1;No
Si;1;Normale;1;230;09-03-2026;32;09-03-2026;09-03-2026;ASSOCIAZIONE AMICI DI ZONA NOVE;Fattura;671,00;121,00;0,00;EUR;1;No
Si;1;Normale;1;229;09-03-2026;2026/880037550;09-03-2026;09-03-2026;TRENORD S.R.L.;Fattura;4,00;0,36;0,00;EUR;1;No
Si;1;Normale;1;228;09-03-2026;49;08-03-2026;09-03-2026;FREE MEDIA SOCIETÀ COOPERATIVA;Fattura;732,00;132,00;0,00;EUR;1;Si
Si;1;Normale;1;227;07-03-2026;TH26160659;07-03-2026;07-03-2026;T.D.M. S.R.L.;Fattura;50,00;9,02;0,00;EUR;1;No
Si;1;Normale;1;226;07-03-2026;16;06-03-2026;07-03-2026;CACAO SRL;Fattura;36,00;3,27;0,00;EUR;1;No
Si;1;Normale;1;225;06-03-2026;69/001;06-03-2026;06-03-2026;BENI IMMOBILI CONTEMPORANEI SPA;Fattura;5.525,59;996,42;0,00;EUR;1;No
Si;1;Normale;1;224;06-03-2026;3800625;06-03-2026;06-03-2026;RIALTO S.P.A.;Fattura;335,50;60,50;0,00;EUR;1;Si
Si;1;Normale;1;223;06-03-2026;24/E;06-03-2026;06-03-2026;PROVENZANO DANIELE;Parcella;2.466,44;0,00;492,89;EUR;1;Si
Si;1;Normale;1;222;05-03-2026;FPR 10/26;05-03-2026;05-03-2026;VIGNOLA MICHELE;Parcella;3.080,00;0,00;0,00;EUR;252;No
Si;1;Normale;1;221;05-03-2026;2026/FETM008046/739;05-03-2026;05-03-2026;COLTRO LOREDANO ANTONIO;Fattura;40,00;7,21;0,00;EUR;1;No
Si;1;Normale;1;220;05-03-2026;98/GA;04-03-2026;05-03-2026;SETTIMOCIELO S.R.L.;Fattura;106,70;9,70;0,00;EUR;1;No
Si;1;Normale;1;219;05-03-2026;2026/0000419/00;28-02-2026;05-03-2026;CRISTAL GROUP SRL;Fattura;288,00;0,00;0,00;EUR;349;Si
Si;1;Normale;1;218;05-03-2026;240;28-02-2026;05-03-2026;SAPIA PRATESI & PARTNERS S.R.L.;Fattura;1.507,92;271,92;0,00;EUR;1;No
Si;1;Normale;1;217;05-03-2026;217;28-02-2026;05-03-2026;SAPIA PRATESI & PARTNERS S.R.L.;Fattura;9.516,00;1.716,00;0,00;EUR;1;No
Si;1;Normale;1;216;05-03-2026;26000099;21-02-2026;05-03-2026;CE PIACE SRL;Fattura;45,50;4,14;0,00;EUR;1;No
Si;1;Normale;1;215;04-03-2026;IT6QHHUABEI;04-03-2026;04-03-2026;AMAZON BUSINESS EU S.A.R.L, SEDE SECONDARIA;Fattura;20,68;3,73;0,00;EUR;1;No
Si;1;Normale;1;214;04-03-2026;2026/FE01919/1550;04-03-2026;04-03-2026;ZANON PAOLA;Fattura;30,00;5,41;0,00;EUR;1;No
Si;1;Normale;1;213;04-03-2026;2026/FE01919/1549;04-03-2026;04-03-2026;ZANON PAOLA;Nota di credito;30,00;5,41;0,00;EUR;3;No
Si;1;Normale;1;212;04-03-2026;115/ 1;03-03-2026;04-03-2026;C2COMPLIANCE SRL;Fattura;2.928,00;528,00;0,00;EUR;1;Si
Si;1;Normale;1;211;04-03-2026;13/CR;03-03-2026;04-03-2026;DUNION SRL;Fattura;107,80;19,44;0,00;EUR;1;Si
Si;1;Normale;1;210;04-03-2026;1000263002115553;03-03-2026;04-03-2026;ARUBA S.P.A.;Fattura;12,08;2,18;0,00;EUR;1;No
Si;1;Normale;1;209;04-03-2026;164/FA;02-03-2026;04-03-2026;OPS VISION TECH S.R.L.;Fattura;4.046,69;729,73;0,00;EUR;1;No
Si;1;Normale;1;208;03-03-2026;21/2026;03-03-2026;03-03-2026;ASSOCIAZIONE KAIROS APS;Fattura;502,00;0,00;0,00;EUR;1;Si
Si;1;Normale;1;207;03-03-2026;3800567;03-03-2026;03-03-2026;RIALTO S.P.A.;Fattura;274,50;49,50;0,00;EUR;1;Si
Si;1;Normale;1;206;03-03-2026;2026/FE02817/614;02-03-2026;03-03-2026;BUSELLATO MASSIMO;Fattura;30,00;5,41;0,00;EUR;1;No
Si;1;Normale;1;205;03-03-2026;8/2026;02-03-2026;03-03-2026;LICO SPA;Fattura;3.715,07;669,93;0,00;EUR;1;No
Si;1;Normale;1;204;03-03-2026;1/145;28-02-2026;03-03-2026;AC AGENZIA SERVIZI S.R.L.;Fattura;2.043,50;368,50;0,00;EUR;1;Si
Si;1;Normale;1;203;03-03-2026;A-001102;28-02-2026;03-03-2026;PUBLI (IN) SRL SOC.UNIPERSONALE;Fattura;735,15;132,57;0,00;EUR;1;Si
Si;1;Normale;1;202;03-03-2026;0803284475;28-02-2026;03-03-2026;LYRECO ITALIA SRL;Fattura differita art.21, c.4 lett. a);189,51;34,17;0,00;EUR;202;Si
Si;1;Normale;1;201;03-03-2026;FAD-2026-731;27-02-2026;03-03-2026;ITES COM S.R.L.;Fattura differita art.21, c.4 lett. a);87,84;15,84;0,00;EUR;1;No
Si;1;Normale;1;200;03-03-2026;000586;27-02-2026;03-03-2026;CONFEZIONI CAPPELLO SRL;Fattura differita art.21, c.4 lett. a);2.051,27;369,90;0,00;EUR;1;No
Si;1;Normale;1;199;02-03-2026;6;02-03-2026;02-03-2026;W2 ADVISOR S.R.L.;Fattura;1.510,14;272,32;0,00;EUR;1;No
Si;1;Normale;1;198;02-03-2026;FPR 54/26;02-03-2026;02-03-2026;IL DICIOTTO SOC.COOP A.R.L.;Fattura;366,00;66,00;0,00;EUR;1;No
Si;1;Normale;1;197;02-03-2026;9/E;02-03-2026;02-03-2026;FORMENTI PAOLO JACOPO;Parcella;1.830,00;330,00;300,00;EUR;1;Si
Si;1;Normale;1;196;02-03-2026;ML-589;28-02-2026;02-03-2026;DOT IMPRESA S.R.L.;Fattura;60,00;0,00;0,00;EUR;1;No
Si;1;Normale;1;195;02-03-2026;FPR 111/26;27-02-2026;02-03-2026;ALI SRLS;Fattura;94,00;16,95;0,00;EUR;1;No
Si;1;Normale;1;194;02-03-2026;641 /VE;27-02-2026;02-03-2026;MORE NEWS SOC. COOPERATIVA;Nota di credito;1.220,00;220,00;0,00;EUR;3;Si
Si;1;Normale;1;193;02-03-2026;178;27-02-2026;02-03-2026;VARESE WEB SRL;Fattura;1.220,00;220,00;0,00;EUR;1;Si
Si;1;Normale;1;192;02-03-2026;28;26-02-2026;02-03-2026;IL GAZZETTINO DI SESTO SAN GIOVANNI SRL;Fattura;366,00;66,00;0,00;EUR;1;No
Si;1;Normale;1;191;02-03-2026;34;23-02-2026;02-03-2026;SO.G.EDI. SOCIETÀ GESTIONE EDITORIALE SRL;Fattura;610,00;110,00;0,00;EUR;1;Si
Si;1;Normale;1;190;02-03-2026;33;23-02-2026;02-03-2026;SO.G.EDI. SOCIETÀ GESTIONE EDITORIALE SRL;Nota di credito;610,00;110,00;0,00;EUR;3;No
Si;1;Normale;1;189;01-03-2026;95/2026/H;28-02-2026;01-03-2026;HOTEL BELLEVUE COGNE SRL;Fattura;0,00;0,00;0,00;EUR;1;No
Si;1;Normale;1;188;01-03-2026;1000-282;26-02-2026;01-03-2026;IL MANNARINO SRL;Fattura;85,94;7,81;0,00;EUR;1;No
Si;1;Normale;1;187;28-02-2026;20260706689V4;26-02-2026;28-02-2026;VOLKSWAGEN LEASING GMBH;Fattura;48,80;8,80;0,00;EUR;1;No
Si;1;Normale;1;186;27-02-2026;FPR 110/26;27-02-2026;27-02-2026;ALI SRLS;Nota di credito;94,00;16,95;0,00;EUR;3;Si
Si;1;Normale;1;185;27-02-2026;100;27-02-2026;27-02-2026;CITTERIO EDITORE SRL;Fattura;1.006,50;181,50;0,00;EUR;1;Si
Si;1;Normale;1;184;27-02-2026;642 /VE;27-02-2026;27-02-2026;MORE NEWS SOC. COOPERATIVA;Fattura;1.220,00;220,00;0,00;EUR;1;Si
Si;1;Normale;1;183;27-02-2026;00066/26;27-02-2026;27-02-2026;EDITRICE MILANESE S.R.L.;Fattura;1.220,00;220,00;0,00;EUR;1;Si
Si;1;Normale;1;182;27-02-2026;143;27-02-2026;27-02-2026;Q-PRINT S.R.L.;Fattura;1.098,00;198,00;0,00;EUR;1;Si
Si;1;Normale;1;181;27-02-2026;142;27-02-2026;27-02-2026;Q-PRINT S.R.L.;Nota di credito;1.098,00;198,00;0,00;EUR;3;Si
Si;1;Normale;1;180;27-02-2026;111;27-02-2026;27-02-2026;Q-PRINT S.R.L.;Fattura differita art.21, c.4 lett. a);1.342,00;242,00;0,00;EUR;202;Si
Si;1;Normale;1;179;27-02-2026;177;27-02-2026;27-02-2026;VARESE WEB SRL;Fattura;1.220,00;220,00;0,00;EUR;1;Si
Si;1;Normale;1;178;27-02-2026;176;27-02-2026;27-02-2026;VARESE WEB SRL;Nota di credito;1.220,00;220,00;0,00;EUR;3;Si
Si;1;Normale;1;177;27-02-2026;175;27-02-2026;27-02-2026;VARESE WEB SRL;Nota di credito;1.220,00;220,00;0,00;EUR;3;Si
Si;1;Normale;1;176;27-02-2026;1000-241;19-02-2026;27-02-2026;IL MANNARINO SRL;Fattura;93,31;8,48;0,00;EUR;1;No
Si;1;Normale;1;175;26-02-2026;IT6NZTDABEI;26-02-2026;26-02-2026;AMAZON BUSINESS EU S.A.R.L, SEDE SECONDARIA;Fattura;5,25;0,25;0,00;EUR;1;No
Si;1;Normale;1;174;26-02-2026;122;26-02-2026;26-02-2026;VARESE WEB SRL;Fattura;1.220,00;220,00;0,00;EUR;1;Si
Si;1;Normale;1;173;25-02-2026;113/MK;25-02-2026;25-02-2026;DUNION SRL;Fattura;3.660,00;660,00;0,00;EUR;1;Si
Si;1;Normale;1;172;25-02-2026;2026/FE02384/821;25-02-2026;25-02-2026;SCARFONE COSIMO;Fattura;40,00;7,21;0,00;EUR;1;No
Si;1;Normale;1;171;25-02-2026;203I00545984;24-02-2026;25-02-2026;GEDI DIGITAL SRL;Fattura;2,00;0,08;0,00;EUR;1;No
Si;1;Normale;1;170;23-02-2026;FPR 102/26;23-02-2026;23-02-2026;ALI SRLS;Fattura;94,00;16,95;0,00;EUR;1;No
Si;1;Normale;1;169;23-02-2026;3/001;19-02-2026;23-02-2026;SPH S.R.L.;Fattura;658,31;118,71;0,00;EUR;1;No
Si;1;Normale;1;168;23-02-2026;20260161293V1;10-02-2026;23-02-2026;VOLKSWAGEN LEASING GMBH;Fattura;951,62;171,60;0,00;EUR;1;No
Si;1;Normale;1;167;21-02-2026;ML-479;20-02-2026;21-02-2026;DOT IMPRESA S.R.L.;Fattura;60,00;0,00;0,00;EUR;1;Si
Si;1;Normale;1;166;20-02-2026;FAD-2026-644;19-02-2026;20-02-2026;ITES COM S.R.L.;Fattura differita art.21, c.4 lett. a);59,76;10,78;0,00;EUR;202;No
Si;1;Normale;1;165;19-02-2026;4260183298;18-02-2026;19-02-2026;ESSELUNGA S.P.A.;Fattura;1.350,00;0,00;0,00;EUR;1;No
Si;1;Normale;1;164;19-02-2026;V012601290367;18-02-2026;19-02-2026;SORGENIA S.P.A;Fattura;164,43;30,10;0,00;EUR;1;Si
Si;1;Normale;1;163;18-02-2026;2026/FE02384/715;18-02-2026;18-02-2026;SCARFONE COSIMO;Fattura;40,00;7,21;0,00;EUR;1;No
Si;1;Normale;1;162;18-02-2026;1/130;17-02-2026;18-02-2026;AC AGENZIA SERVIZI S.R.L.;Fattura;2.397,30;432,30;0,00;EUR;1;Si
Si;1;Normale;1;161;18-02-2026;1/129;17-02-2026;18-02-2026;AC AGENZIA SERVIZI S.R.L.;Nota di credito;2.397,30;432,30;0,00;EUR;3;Si
Si;1;Normale;1;160;18-02-2026;G06715;12-02-2026;18-02-2026;EDENRED ITALIA SRL;Nota di debito;442,00;0,00;0,00;EUR;4;No
Si;1;Normale;1;159;17-02-2026;3/2026;17-02-2026;17-02-2026;ASSOCIAZIONE KAIROS APS;Fattura;502,00;0,00;0,00;EUR;1;Si
Si;1;Normale;1;158;17-02-2026;IT6K274ABEI;17-02-2026;17-02-2026;AMAZON BUSINESS EU S.A.R.L, SEDE SECONDARIA;Fattura;38,98;7,03;0,00;EUR;1;No
Si;1;Normale;1;157;17-02-2026;31;13-02-2026;17-02-2026;SO.G.EDI. SOCIETÀ GESTIONE EDITORIALE SRL;Fattura;610,00;110,00;0,00;EUR;1;Si
Si;1;Normale;1;156;17-02-2026;2026/02/0074769;13-02-2026;17-02-2026;UNICREDIT LEASING SPA;Nota di credito;10,91;1,97;0,00;EUR;3;No
Si;1;Normale;1;155;17-02-2026;2026/02/0074768;13-02-2026;17-02-2026;UNICREDIT LEASING SPA;Nota di credito;63,50;3,02;0,00;EUR;3;No
Si;1;Normale;1;154;17-02-2026;2026/02/0074450;13-02-2026;17-02-2026;UNICREDIT LEASING SPA;Nota di credito;15,77;2,84;0,00;EUR;3;No
Si;1;Normale;1;153;17-02-2026;2026/02/0074449;13-02-2026;17-02-2026;UNICREDIT LEASING SPA;Nota di credito;100,18;4,77;0,00;EUR;3;No
Si;1;Normale;1;152;17-02-2026;2026/02/0074077;13-02-2026;17-02-2026;UNICREDIT LEASING SPA;Nota di credito;17,28;3,12;0,00;EUR;3;No
Si;1;Normale;1;151;17-02-2026;2026/02/0074070;13-02-2026;17-02-2026;UNICREDIT LEASING SPA;Nota di credito;102,88;4,90;0,00;EUR;3;No
Si;1;Normale;1;150;17-02-2026;2026/02/0062630;13-02-2026;17-02-2026;UNICREDIT LEASING SPA;Fattura;426,83;76,97;0,00;EUR;1;No
Si;1;Normale;1;149;17-02-2026;2026/02/0062629;13-02-2026;17-02-2026;UNICREDIT LEASING SPA;Fattura;2.689,76;344,85;0,00;EUR;1;No
Si;1;Normale;1;148;17-02-2026;2026/02/0061989;13-02-2026;17-02-2026;UNICREDIT LEASING SPA;Fattura;419,94;75,73;0,00;EUR;1;No
Si;1;Normale;1;147;17-02-2026;2026/02/0061988;13-02-2026;17-02-2026;UNICREDIT LEASING SPA;Fattura;2.898,95;381,23;0,00;EUR;1;No
Si;1;Normale;1;146;17-02-2026;2026/02/0061326;13-02-2026;17-02-2026;UNICREDIT LEASING SPA;Fattura;461,64;83,25;0,00;EUR;1;No
Si;1;Normale;1;145;17-02-2026;2026/02/0061317;13-02-2026;17-02-2026;UNICREDIT LEASING SPA;Fattura;2.913,20;383,10;0,00;EUR;1;No
Si;1;Normale;1;144;16-02-2026;FPR 416/26;16-02-2026;16-02-2026;ODONTOOL SRL;Fattura;610,00;110,00;0,00;EUR;1;No
Si;1;Normale;1;143;16-02-2026;83/2026;14-02-2026;16-02-2026;TELEPHONE VOX S.R.L UNIPERSONALE;Fattura;172,54;31,11;0,00;EUR;1;Si
Si;1;Normale;1;142;16-02-2026;26;13-02-2026;16-02-2026;IL GAZZETTINO DI SESTO SAN GIOVANNI SRL;Fattura;732,00;132,00;0,00;EUR;1;No
Si;1;Normale;1;141;16-02-2026;235819;12-02-2026;16-02-2026;EDENRED ITALIA SRL;Fattura;192,95;7,42;0,00;EUR;1;No
Si;1;Normale;1;140;16-02-2026;235074;12-02-2026;16-02-2026;EDENRED ITALIA SRL;Fattura;16,10;2,90;0,00;EUR;1;No
Si;1;Normale;1;139;16-02-2026;8Z00091438;11-02-2026;16-02-2026;TIM  S.P.A.;Fattura;203,74;36,74;0,00;EUR;1;No
Si;1;Normale;1;138;15-02-2026;IT6IWK0ABEI;15-02-2026;15-02-2026;AMAZON BUSINESS EU S.A.R.L, SEDE SECONDARIA;Fattura;50,96;9,19;0,00;EUR;1;No
Si;1;Normale;1;137;14-02-2026;4260163127;13-02-2026;14-02-2026;ESSELUNGA S.P.A.;Fattura;945,00;0,00;0,00;EUR;1;No
Si;1;Normale;1;136;13-02-2026;12;13-02-2026;13-02-2026;STUDIO LEGALE ASSOCIATO COLUCCI & COLONNELLI;Fattura;1.562,72;281,80;246,33;EUR;1;No
Si;1;Normale;1;135;13-02-2026;10;13-02-2026;13-02-2026;STUDIO LEGALE ASSOCIATO COLUCCI & COLONNELLI;Nota di credito;1.562,72;281,80;246,33;EUR;3;No
Si;1;Normale;1;134;13-02-2026;10;13-02-2026;13-02-2026;STUDIO LEGALE ASSOCIATO COLUCCI & COLONNELLI;Fattura;1.562,72;281,80;246,33;EUR;1;No
Si;1;Normale;1;133;13-02-2026;V00023;13-02-2026;13-02-2026;MAGGI MARIA;Fattura;549,00;99,00;0,00;EUR;252;Si
Si;1;Normale;1;132;13-02-2026;V00022;13-02-2026;13-02-2026;MAGGI MARIA;Fattura;549,00;99,00;0,00;EUR;252;Si
Si;1;Normale;1;131;13-02-2026;V00021;13-02-2026;13-02-2026;MAGGI MARIA;Fattura;366,00;66,00;0,00;EUR;252;Si
Si;1;Normale;1;130;13-02-2026;732;12-02-2026;13-02-2026;RSM SOCIETA' DI REVISIONE E ORGANIZZAZIONE CONTABILE SPA;Fattura;10.980,00;1.980,00;0,00;EUR;1;No
Si;1;Normale;1;129;13-02-2026;6636403029;12-02-2026;13-02-2026;FASTWEB SPA;Fattura;109,80;19,80;0,00;EUR;1;No
Si;1;Normale;1;128;12-02-2026;000387;05-02-2026;12-02-2026;CONFEZIONI CAPPELLO SRL;Fattura;1.126,52;203,14;0,00;EUR;1;No
Si;1;Normale;1;127;12-02-2026;000386;05-02-2026;12-02-2026;CONFEZIONI CAPPELLO SRL;Nota di credito;1.126,52;203,14;0,00;EUR;3;No
Si;1;Normale;1;126;12-02-2026;IT6HIEHABEI;11-02-2026;12-02-2026;AMAZON BUSINESS EU S.A.R.L, SEDE SECONDARIA;Fattura;15,47;2,79;0,00;EUR;1;No
Si;1;Normale;1;125;12-02-2026;IT6HIDMABEI;11-02-2026;12-02-2026;AMAZON BUSINESS EU S.A.R.L, SEDE SECONDARIA;Fattura;20,39;3,37;0,00;EUR;1;No
Si;1;Normale;1;124;12-02-2026;2/001;10-02-2026;12-02-2026;SPH S.R.L.;Fattura;6.100,00;1.100,00;0,00;EUR;1;No
Si;1;Normale;1;123;11-02-2026;E7;10-02-2026;11-02-2026;LAZZATI PAOLO FRANCESCO MARIA;Parcella;6.344,00;1.144,00;1.000,00;EUR;1;Si
Si;1;Normale;1;122;10-02-2026;15/2026;09-02-2026;10-02-2026;LESCA CLAUDIA;Fattura;18.300,00;3.300,00;0,00;EUR;252;Si
Si;1;Normale;1;121;10-02-2026;2/2026;09-02-2026;10-02-2026;LESCA CLAUDIA;Nota di credito;18.300,00;3.300,00;0,00;EUR;3;No
Si;1;Normale;1;120;10-02-2026;12/001;06-02-2026;10-02-2026;DERCOS SRL;Fattura;2.097,34;378,21;0,00;EUR;1;No
Si;1;Normale;1;119;10-02-2026;11359;02-02-2026;10-02-2026;IPAS S.P.A.;Fattura;1.717,87;309,78;0,00;EUR;1;Si
Si;1;Normale;1;118;10-02-2026;2026/0000215/00;31-01-2026;10-02-2026;CRISTAL GROUP SRL;Fattura;288,00;0,00;0,00;EUR;349;Si
Si;1;Normale;1;117;10-02-2026;00133;18-12-2025;10-02-2026;OSTERIA DEL SAGRANTINO S.A.S. DI PIANEZZOLA STEFANO & C.;Fattura;440,50;40,05;0,00;EUR;1;No
Si;1;Normale;1;116;09-02-2026;17;09-02-2026;09-02-2026;ASSOCIAZIONE AMICI DI ZONA NOVE;Fattura;671,00;121,00;0,00;EUR;1;No
Si;1;Normale;1;115;09-02-2026;215;06-02-2026;09-02-2026;MASCHERPA E ASSOCIATI;Parcella;1.731,50;312,24;272,93;EUR;1;No
Si;1;Normale;1;114;09-02-2026;11360;02-02-2026;09-02-2026;IPAS S.P.A.;Fattura;1.782,47;321,43;0,00;EUR;1;Si
Si;1;Normale;1;113;09-02-2026;1/103;31-01-2026;09-02-2026;AC AGENZIA SERVIZI S.R.L.;Fattura;2.397,30;432,30;0,00;EUR;1;Si
Si;1;Normale;1;112;09-02-2026;131;31-01-2026;09-02-2026;SAPIA PRATESI & PARTNERS S.R.L.;Fattura;1.190,72;214,72;0,00;EUR;1;No
Si;1;Normale;1;111;08-02-2026;1/2026;30-01-2026;08-02-2026;SORO MARTA BEATRICE;Fattura;602,00;0,00;0,00;EUR;252;No
Si;1;Normale;1;110;07-02-2026;14/2026;07-02-2026;07-02-2026;LESCA CLAUDIA;Fattura;18.300,00;3.300,00;0,00;EUR;252;Si
Si;1;Normale;1;109;07-02-2026;64/2026/H;06-02-2026;07-02-2026;HOTEL BELLEVUE COGNE SRL;Acconto/anticipo su fattura;1.090,00;99,09;0,00;EUR;1;No
Si;1;Normale;1;108;06-02-2026;13;06-02-2026;06-02-2026;ASSOCIAZIONE AMICI DI ZONA NOVE;Fattura;671,00;121,00;0,00;EUR;1;No
Si;1;Normale;1;107;06-02-2026;2/E;06-02-2026;06-02-2026;GNV CAPITALS HOLDING SRL;Fattura;4.270,00;770,00;0,00;EUR;1;Si
Si;1;Normale;1;106;06-02-2026;508 /VE;05-02-2026;06-02-2026;MORE NEWS SOC. COOPERATIVA;Fattura;1.220,00;220,00;0,00;EUR;1;Si
Si;1;Normale;1;105;06-02-2026;VX/0002390;05-02-2026;06-02-2026;GALLERIE COMMERCIALI BENNET S.P.A.;Fattura;854,00;154,00;0,00;EUR;1;Si
Si;1;Normale;1;104;05-02-2026;IT6EMDPABEI;05-02-2026;05-02-2026;AMAZON BUSINESS EU S.A.R.L, SEDE SECONDARIA;Fattura;395,95;71,40;0,00;EUR;1;No
Si;1;Normale;1;103;05-02-2026;AS00328034;05-02-2026;05-02-2026;FASTWEB SPA;Fattura;790,56;133,32;0,00;EUR;1;No
Si;1;Normale;1;102;04-02-2026;IT6E4TUABEI;04-02-2026;04-02-2026;AMAZON BUSINESS EU S.A.R.L, SEDE SECONDARIA;Fattura;7,43;1,34;0,00;EUR;1;No
Si;1;Normale;1;101;04-02-2026;FPR 6/26;03-02-2026;04-02-2026;VIGNOLA MICHELE;Parcella;3.080,00;0,00;0,00;EUR;252;No
Si;1;Normale;1;100;03-02-2026;FPR 1/26;03-02-2026;03-02-2026;BAGGINI SRL;Fattura;1.000,00;90,91;0,00;EUR;1;No
Si;1;Normale;1;99;03-02-2026;2026/FE02384/462;03-02-2026;03-02-2026;SCARFONE COSIMO;Fattura;40,00;7,21;0,00;EUR;1;No
Si;1;Normale;1;98;03-02-2026;5/2026;02-02-2026;03-02-2026;LICO SPA;Fattura;3.715,07;669,93;0,00;EUR;1;No
Si;1;Normale;1;97;03-02-2026;A-000232;31-01-2026;03-02-2026;PUBLI (IN) SRL SOC.UNIPERSONALE;Fattura;369,15;66,57;0,00;EUR;1;Si
Si;1;Normale;1;96;03-02-2026;MILR001177424;31-01-2026;03-02-2026;DHL EXPRESS (ITALY) S.R.L.;Fattura;37,44;6,75;0,00;EUR;202;No
Si;1;Normale;1;95;03-02-2026;000274;30-01-2026;03-02-2026;CONFEZIONI CAPPELLO SRL;Fattura differita art.21, c.4 lett. a);1.126,52;203,14;0,00;EUR;202;No
Si;1;Normale;1;94;02-02-2026;4;02-02-2026;02-02-2026;W2 ADVISOR S.R.L.;Fattura;1.510,14;272,32;0,00;EUR;1;No
Si;1;Normale;1;93;02-02-2026;42/001;02-02-2026;02-02-2026;BENI IMMOBILI CONTEMPORANEI SPA;Fattura;5.525,59;996,42;0,00;EUR;1;No
Si;1;Normale;1;92;02-02-2026;FPR 31/26;02-02-2026;02-02-2026;IL DICIOTTO SOC.COOP A.R.L.;Fattura;366,00;66,00;0,00;EUR;1;No
Si;1;Normale;1;91;02-02-2026;4/E;02-02-2026;02-02-2026;FORMENTI PAOLO JACOPO;Parcella;1.830,00;330,00;300,00;EUR;1;Si
Si;1;Normale;1;90;02-02-2026;872/00;30-01-2026;02-02-2026;GADGET365 S.R.L.;Fattura;1.549,40;279,40;0,00;EUR;1;No
Si;1;Normale;1;89;01-02-2026;59;31-01-2026;01-02-2026;Q-PRINT S.R.L.;Fattura differita art.21, c.4 lett. a);1.098,00;198,00;0,00;EUR;202;Si
Si;1;Normale;1;88;31-01-2026;135C/A;27-01-2026;31-01-2026;GATTUSO E BIANCHI SRL;Fattura;38,00;3,45;0,00;EUR;1;No
Si;1;Normale;1;87;30-01-2026;IT6C1FCABEI;30-01-2026;30-01-2026;AMAZON BUSINESS EU S.A.R.L, SEDE SECONDARIA;Fattura;6,72;0,32;0,00;EUR;1;No
Si;1;Normale;1;86;30-01-2026;47;30-01-2026;30-01-2026;CITTERIO EDITORE SRL;Fattura;1.006,50;181,50;0,00;EUR;1;Si
Si;1;Normale;1;85;30-01-2026;44;30-01-2026;30-01-2026;VARESE WEB SRL;Fattura;1.220,00;220,00;0,00;EUR;1;Si
Si;1;Normale;1;84;30-01-2026;2026-FE01844-199;30-01-2026;30-01-2026;ENIMOOV SPA;Fattura;112,00;20,20;0,00;EUR;1;No
Si;1;Normale;1;83;29-01-2026;FAD-2026-559;29-01-2026;29-01-2026;ITES COM S.R.L.;Fattura differita art.21, c.4 lett. a);1.051,64;189,64;0,00;EUR;202;No
Si;1;Normale;1;82;28-01-2026;9/MK;28-01-2026;28-01-2026;DUNION SRL;Fattura;3.660,00;660,00;0,00;EUR;1;Si
Si;1;Normale;1;81;28-01-2026;272/EC2024;28-01-2026;28-01-2026;EL PARRILLERO SOCIETA A RESPONSABILITA LIMITATA;Fattura;420,50;38,23;0,00;EUR;1;No
Si;1;Normale;1;80;27-01-2026;7261549147;22-01-2026;27-01-2026;PIXARTPRINTING SPA;Fattura;483,73;87,23;0,00;EUR;1;No
Si;1;Normale;1;79;27-01-2026;1/001;16-01-2026;27-01-2026;SPH S.R.L.;Fattura;6.100,00;1.100,00;0,00;EUR;1;No
Si;1;Normale;1;78;27-01-2026;7261527243;14-01-2026;27-01-2026;PIXARTPRINTING SPA;Fattura;27,33;4,93;0,00;EUR;1;No
Si;1;Normale;1;77;26-01-2026;16;26-01-2026;26-01-2026;FREE MEDIA SOCIETÀ COOPERATIVA;Fattura;732,00;132,00;0,00;EUR;1;No
Si;1;Normale;1;76;26-01-2026;1;26-01-2026;26-01-2026;ASSOCIAZIONE AMICI DI ZONA NOVE;Nota di credito;671,00;121,00;0,00;EUR;3;No
Si;1;Normale;1;75;26-01-2026;2026/FE02817/234;26-01-2026;26-01-2026;BUSELLATO MASSIMO;Fattura;40,00;7,21;0,00;EUR;1;No
Si;1;Normale;1;74;26-01-2026;FPR 24/26;26-01-2026;26-01-2026;IL DICIOTTO SOC.COOP A.R.L.;Fattura;366,00;66,00;0,00;EUR;1;No
Si;1;Normale;1;73;26-01-2026;203I00536800;24-01-2026;26-01-2026;GEDI DIGITAL SRL;Fattura;2,00;0,08;0,00;EUR;1;No
Si;1;Normale;1;72;26-01-2026;14;16-01-2026;26-01-2026;SO.G.EDI. SOCIETÀ GESTIONE EDITORIALE SRL;Fattura;610,00;110,00;0,00;EUR;1;Si
Si;1;Normale;1;71;24-01-2026;570;24-01-2026;24-01-2026;SUPERSERVICE SNC DEI F.LLI CANTARELLI;Fattura;39,44;7,11;0,00;EUR;1;No
Si;1;Normale;1;70;23-01-2026;20260703126V4;19-01-2026;23-01-2026;VOLKSWAGEN LEASING GMBH;Fattura;24,40;4,40;0,00;EUR;1;No
Si;1;Normale;1;69;23-01-2026;20260515148V3;19-01-2026;23-01-2026;VOLKSWAGEN LEASING GMBH;Fattura;93,81;0,00;0,00;EUR;1;Si
Si;1;Normale;1;68;23-01-2026;FAD-2026-221;15-01-2026;23-01-2026;ITES COM S.R.L.;Fattura differita art.21, c.4 lett. a);1.210,20;218,23;0,00;EUR;1;No
Si;1;Normale;1;67;23-01-2026;4;23-01-2026;23-01-2026;ASSOCIAZIONE AMICI DI ZONA NOVE;Fattura;671,00;121,00;0,00;EUR;1;No
Si;1;Normale;1;66;23-01-2026;512;22-01-2026;23-01-2026;SUPERSERVICE SNC DEI F.LLI CANTARELLI;Fattura;40,00;7,21;0,00;EUR;1;No
Si;1;Normale;1;65;22-01-2026;21/2026;21-01-2026;22-01-2026;VICKY GREM SRL;Fattura;622,81;112,31;0,00;EUR;1;Si
Si;1;Normale;1;64;22-01-2026;122;15-01-2026;22-01-2026;CARMINATI ALLESTIMENTI SRL;Fattura;3.123,20;563,20;0,00;EUR;1;No
Si;1;Normale;1;63;22-01-2026;121;15-01-2026;22-01-2026;CARMINATI ALLESTIMENTI SRL;Fattura;3.416,00;616,00;0,00;EUR;1;No
Si;1;Normale;1;62;22-01-2026;120;15-01-2026;22-01-2026;CARMINATI ALLESTIMENTI SRL;Fattura;2.724,02;491,22;0,00;EUR;1;No
Si;1;Normale;1;61;22-01-2026;119;15-01-2026;22-01-2026;CARMINATI ALLESTIMENTI SRL;Fattura;2.408,28;434,28;0,00;EUR;1;No
Si;1;Normale;1;60;22-01-2026;118;15-01-2026;22-01-2026;CARMINATI ALLESTIMENTI SRL;Fattura;7.139,37;1.287,43;0,00;EUR;1;No
Si;1;Normale;1;59;22-01-2026;117;15-01-2026;22-01-2026;CARMINATI ALLESTIMENTI SRL;Fattura;3.213,98;579,57;0,00;EUR;1;No
Si;1;Normale;1;58;22-01-2026;116;15-01-2026;22-01-2026;CARMINATI ALLESTIMENTI SRL;Fattura;3.538,00;638,00;0,00;EUR;1;No
Si;1;Normale;1;57;22-01-2026;115;15-01-2026;22-01-2026;CARMINATI ALLESTIMENTI SRL;Fattura;1.636,02;295,02;0,00;EUR;1;No
Si;1;Normale;1;56;22-01-2026;114;15-01-2026;22-01-2026;CARMINATI ALLESTIMENTI SRL;Fattura;3.294,00;594,00;0,00;EUR;1;No
Si;1;Normale;1;55;22-01-2026;113;15-01-2026;22-01-2026;CARMINATI ALLESTIMENTI SRL;Fattura;9.080,41;1.637,45;0,00;EUR;1;No
Si;1;Normale;1;54;22-01-2026;112;15-01-2026;22-01-2026;CARMINATI ALLESTIMENTI SRL;Fattura;2.843,82;512,82;0,00;EUR;1;No
Si;1;Normale;1;53;21-01-2026;1/001;21-01-2026;21-01-2026;C.R.A.L. ASST RHODENSE;Fattura;366,00;66,00;0,00;EUR;1;No
Si;1;Normale;1;52;21-01-2026;V012600378805;20-01-2026;21-01-2026;SORGENIA S.P.A;Fattura;150,34;27,56;0,00;EUR;1;Si
Si;1;Normale;1;51;20-01-2026;2026/FE02817/179;20-01-2026;20-01-2026;BUSELLATO MASSIMO;Fattura;30,00;5,41;0,00;EUR;1;No
Si;1;Normale;1;50;20-01-2026;2026/02/0036359;16-01-2026;20-01-2026;UNICREDIT LEASING SPA;Nota di credito;16,41;2,96;0,00;EUR;3;No
Si;1;Normale;1;49;20-01-2026;2026/02/0036358;16-01-2026;20-01-2026;UNICREDIT LEASING SPA;Nota di credito;104,23;4,96;0,00;EUR;3;No
Si;1;Normale;1;48;20-01-2026;2026/02/0035987;16-01-2026;20-01-2026;UNICREDIT LEASING SPA;Nota di credito;18,03;3,25;0,00;EUR;3;No
Si;1;Normale;1;47;20-01-2026;2026/02/0035980;16-01-2026;20-01-2026;UNICREDIT LEASING SPA;Nota di credito;107,34;5,11;0,00;EUR;3;No
Si;1;Normale;1;46;20-01-2026;2026/02/0019232;16-01-2026;20-01-2026;UNICREDIT LEASING SPA;Fattura;426,83;76,97;0,00;EUR;1;No
Si;1;Normale;1;45;20-01-2026;2026/02/0019231;16-01-2026;20-01-2026;UNICREDIT LEASING SPA;Fattura;2.689,76;344,85;0,00;EUR;1;No
Si;1;Normale;1;44;20-01-2026;2026/02/0018594;16-01-2026;20-01-2026;UNICREDIT LEASING SPA;Fattura;419,94;75,73;0,00;EUR;1;No
Si;1;Normale;1;43;20-01-2026;2026/02/0018593;16-01-2026;20-01-2026;UNICREDIT LEASING SPA;Fattura;2.898,95;381,23;0,00;EUR;1;No
Si;1;Normale;1;42;20-01-2026;2026/02/0017929;16-01-2026;20-01-2026;UNICREDIT LEASING SPA;Fattura;2.913,20;383,10;0,00;EUR;1;No
Si;1;Normale;1;41;20-01-2026;20260066427V1;12-01-2026;20-01-2026;VOLKSWAGEN LEASING GMBH;Fattura;951,62;171,60;0,00;EUR;1;No
Si;1;Normale;1;40;19-01-2026;FPR 9/26;19-01-2026;19-01-2026;ODONTOOL SRL;Fattura;610,00;110,00;0,00;EUR;1;No
Si;1;Normale;1;39;19-01-2026;FPR 8/26;19-01-2026;19-01-2026;ODONTOOL SRL;Nota di credito;610,00;110,00;0,00;EUR;3;Si
Si;1;Normale;1;38;19-01-2026;2026/02/0036678;16-01-2026;19-01-2026;UNICREDIT LEASING SPA;Nota di credito;11,38;2,05;0,00;EUR;3;No
Si;1;Normale;1;37;19-01-2026;2026/02/0036677;16-01-2026;19-01-2026;UNICREDIT LEASING SPA;Nota di credito;66,30;3,16;0,00;EUR;3;No
Si;1;Normale;1;36;19-01-2026;2026/02/0017938;16-01-2026;19-01-2026;UNICREDIT LEASING SPA;Fattura;461,64;83,25;0,00;EUR;1;No
Si;1;Normale;1;35;17-01-2026;1000-53;15-01-2026;17-01-2026;IL MANNARINO SRL;Fattura;97,78;8,89;0,00;EUR;1;No
Si;1;Normale;1;34;17-01-2026;8Z00016896;13-01-2026;17-01-2026;TIM  S.P.A.;Fattura;145,18;26,18;0,00;EUR;1;No
Si;1;Normale;1;33;16-01-2026;FPR 4/26;16-01-2026;16-01-2026;ODONTOOL SRL;Fattura;610,00;110,00;0,00;EUR;1;No
Si;1;Normale;1;32;16-01-2026;2026/FE01919/287;15-01-2026;16-01-2026;ZANON PAOLA;Fattura;30,00;5,41;0,00;EUR;1;No
Si;1;Normale;1;31;15-01-2026;4/2026;14-01-2026;15-01-2026;LICO SPA;Fattura;3.715,07;669,93;0,00;EUR;1;No
Si;1;Normale;1;30;15-01-2026;5/001;09-01-2026;15-01-2026;DERCOS SRL;Fattura;2.097,34;378,21;0,00;EUR;1;No
Si;1;Normale;1;29;14-01-2026;1;14-01-2026;14-01-2026;C.R.A.L. DEL COMUNE DI MILANO;Fattura;366,00;66,00;0,00;EUR;1;No
Si;1;Normale;1;28;14-01-2026;IT64BH7ABEI;14-01-2026;14-01-2026;AMAZON BUSINESS EU S.A.R.L, SEDE SECONDARIA;Fattura;123,11;22,20;0,00;EUR;1;No
Si;1;Normale;1;27;14-01-2026;IT64CXXABEI;14-01-2026;14-01-2026;AMAZON BUSINESS EU S.A.R.L, SEDE SECONDARIA;Fattura;19,19;3,46;0,00;EUR;1;No
Si;1;Normale;1;26;14-01-2026;138202;13-01-2026;14-01-2026;EDENRED ITALIA SRL;Fattura;192,95;7,42;0,00;EUR;1;No
Si;1;Normale;1;25;13-01-2026;19;05-01-2026;13-01-2026;SAPIA PRATESI & PARTNERS S.R.L.;Fattura;1.421,30;256,30;0,00;EUR;1;No
No;1;Normale;1;24;13-01-2026;697 FTE;31-12-2025;13-01-2026;C.M.R. MINORINI S.R.L.;Fattura differita art.21, c.4 lett. a);0,00;0,00;0,00;EUR;202;Si
Si;1;Normale;1;23;13-01-2026;7;28-12-2025;13-01-2026;CIRCOLO RICREATIVO OSPEDALE NIGUARDA CA' GRANDA;Fattura;1.220,00;220,00;0,00;EUR;1;Si
Si;1;Normale;1;22;12-01-2026;IT6000212B2OHI;12-01-2026;12-01-2026;CECCARELLI FILIPPO;Fattura;27,62;4,98;0,00;EUR;1;No
Si;1;Normale;1;21;12-01-2026;V00005;12-01-2026;12-01-2026;MAGGI MARIA;Fattura;549,00;99,00;0,00;EUR;252;Si
Si;1;Normale;1;20;12-01-2026;V00004;12-01-2026;12-01-2026;MAGGI MARIA;Fattura;549,00;99,00;0,00;EUR;252;Si
Si;1;Normale;1;19;12-01-2026;V00003;12-01-2026;12-01-2026;MAGGI MARIA;Fattura;549,00;99,00;0,00;EUR;252;Si
Si;1;Normale;1;18;12-01-2026;39;12-01-2026;12-01-2026;CORTE S.R.L.;Fattura;42,49;3,86;0,00;EUR;1;Si
Si;1;Normale;1;17;12-01-2026;IT26-AEUI-474284;11-01-2026;12-01-2026;AMAZON EU S.A R.L., SUCCURSALE ITALIANA;Fattura;7,38;1,33;0,00;EUR;1;No
Si;1;Normale;1;16;11-01-2026;2026-FE01630-34;10-01-2026;11-01-2026;ENIMOOV SPA;Fattura;30,09;5,43;0,00;EUR;1;No
Si;1;Normale;1;15;10-01-2026;36/25;02-07-2025;;BANCORA IVAN;Fattura;1.832,00;330,00;0,00;EUR;1;Si
Si;1;Normale;1;14;10-01-2026;36b12;10-01-2026;10-01-2026;VAIMO SPA;Fattura differita art.21, c.4 lett. a);19,40;1,76;0,00;EUR;1;No
Si;1;Normale;1;13;10-01-2026;6226006821;05-01-2026;10-01-2026;REGISTER SPA;Fattura;171,84;30,99;0,00;EUR;1;No
Si;1;Normale;1;12;09-01-2026;1I-24SC;08-01-2026;09-01-2026;CENTRO GIARDINAGGIO S. FRUTTUOSO A.A. SRL;Fattura;92,50;10,90;0,00;EUR;1;No
Si;1;Normale;1;11;09-01-2026;2025/0003789/00;31-12-2025;09-01-2026;CRISTAL GROUP SRL;Fattura;253,66;0,00;0,00;EUR;349;Si
Si;1;Normale;1;10;08-01-2026;1/2026;08-01-2026;08-01-2026;ASSOCIAZIONE KAIROS APS;Fattura;502,00;0,00;0,00;EUR;1;Si
Si;1;Normale;1;9;08-01-2026;137;08-01-2026;08-01-2026;SUPERSERVICE SNC DEI F.LLI CANTARELLI;Fattura;39,37;7,10;0,00;EUR;1;No
Si;1;Normale;1;8;08-01-2026;1/E;07-01-2026;08-01-2026;FORMENTI PAOLO JACOPO;Parcella;1.830,00;330,00;300,00;EUR;1;Si
Si;1;Normale;1;7;07-01-2026;2026/FE7073/45;07-01-2026;07-01-2026;VILLORESI DI VITALE GAETANO & C SNC;Fattura;30,00;5,41;0,00;EUR;1;No
Si;1;Normale;1;6;07-01-2026;1;07-01-2026;07-01-2026;W2 ADVISOR S.R.L.;Fattura;1.510,14;272,32;0,00;EUR;1;No
Si;1;Normale;1;5;07-01-2026;FPR 1/26;07-01-2026;07-01-2026;VIGNOLA MICHELE;Parcella;9.020,00;0,00;0,00;EUR;252;No
Si;1;Normale;1;4;07-01-2026;2026/FETM008046/25;07-01-2026;07-01-2026;COLTRO LOREDANO ANTONIO;Fattura;40,00;7,21;0,00;EUR;1;No
Si;1;Normale;1;3;06-01-2026;1000-7;05-01-2026;06-01-2026;IL MANNARINO SRL;Fattura;103,40;9,40;0,00;EUR;1;No
Si;1;Normale;1;2;02-01-2026;8/001;02-01-2026;02-01-2026;BENI IMMOBILI CONTEMPORANEI SPA;Fattura;5.525,59;996,42;0,00;EUR;1;No
Si;1;Normale;1;1;02-01-2026;560;02-01-2026;02-01-2026;HI-COM S.R.L. UNIPERSONALE;Fattura;3.150,28;568,08;0,00;EUR;1;Si